[
  {
    "condition": "minecraft:any_of",
    "terms": [
      {
        "condition": "minecraft:all_of",
        "terms": [
          {
            "condition": "minecraft:entity_properties",
            "entity": "this",
            "predicate": {
              "type": "minecraft:horse"
            }
          },
          {
            "condition": "minecraft:value_check",
            "value": {
              "type": "minecraft:score",
              "target": {
                "type": "minecraft:fixed",
                "name": "&horse_callable"
              },
              "score": "callyourhorse.config"
            },
            "range": 1
          }
        ]
      },
      {
        "condition": "minecraft:all_of",
        "terms": [
          {
            "condition": "minecraft:entity_properties",
            "entity": "this",
            "predicate": {
              "type": "minecraft:donkey"
            }
          },
          {
            "condition": "minecraft:value_check",
            "value": {
              "type": "minecraft:score",
              "target": {
                "type": "minecraft:fixed",
                "name": "&donkey_callable"
              },
              "score": "callyourhorse.config"
            },
            "range": 1
          }
        ]
      },
      {
        "condition": "minecraft:all_of",
        "terms": [
          {
            "condition": "minecraft:entity_properties",
            "entity": "this",
            "predicate": {
              "type": "minecraft:mule"
            }
          },
          {
            "condition": "minecraft:value_check",
            "value": {
              "type": "minecraft:score",
              "target": {
                "type": "minecraft:fixed",
                "name": "&mule_callable"
              },
              "score": "callyourhorse.config"
            },
            "range": 1
          }
        ]
      },
      {
        "condition": "minecraft:all_of",
        "terms": [
          {
            "condition": "minecraft:entity_properties",
            "entity": "this",
            "predicate": {
              "type": "minecraft:llama"
            }
          },
          {
            "condition": "minecraft:value_check",
            "value": {
              "type": "minecraft:score",
              "target": {
                "type": "minecraft:fixed",
                "name": "&llama_callable"
              },
              "score": "callyourhorse.config"
            },
            "range": 1
          }
        ]
      },
      {
        "condition": "minecraft:all_of",
        "terms": [
          {
            "condition": "minecraft:entity_properties",
            "entity": "this",
            "predicate": {
              "type": "minecraft:trader_llama"
            }
          },
          {
            "condition": "minecraft:value_check",
            "value": {
              "type": "minecraft:score",
              "target": {
                "type": "minecraft:fixed",
                "name": "&trader_llama_callable"
              },
              "score": "callyourhorse.config"
            },
            "range": 1
          }
        ]
      },
      {
        "condition": "minecraft:all_of",
        "terms": [
          {
            "condition": "minecraft:entity_properties",
            "entity": "this",
            "predicate": {
              "type": "minecraft:skeleton_horse"
            }
          },
          {
            "condition": "minecraft:value_check",
            "value": {
              "type": "minecraft:score",
              "target": {
                "type": "minecraft:fixed",
                "name": "&skeleton_horse_callable"
              },
              "score": "callyourhorse.config"
            },
            "range": 1
          }
        ]
      },
      {
        "condition": "minecraft:all_of",
        "terms": [
          {
            "condition": "minecraft:entity_properties",
            "entity": "this",
            "predicate": {
              "type": "minecraft:zombie_horse"
            }
          },
          {
            "condition": "minecraft:value_check",
            "value": {
              "type": "minecraft:score",
              "target": {
                "type": "minecraft:fixed",
                "name": "&zombie_horse_callable"
              },
              "score": "callyourhorse.config"
            },
            "range": 1
          }
        ]
      }
    ]
  }
]