[
  {
    "condition": "minecraft:any_of",
    "terms": [
      {
        "condition": "minecraft:all_of",
        "terms": [
          {
            "condition": "minecraft:entity_properties",
            "entity": "this",
            "predicate": {
              "type_specific": {
                "type": "minecraft:player",
                "looking_at": {
                  "type": "horse",
                  "distance": {
                    "absolute": {
                      "min": 0,
                      "max": 10
                    }
                  }
                }
              }
            }
          },
          {
            "condition": "minecraft:value_check",
            "value": {
              "type": "minecraft:score",
              "target": {
                "type": "minecraft:fixed",
                "name": "&horse_callable"
              },
              "score": "callyourhorse.config"
            },
            "range": 1
          }
        ]
      },
      {
        "condition": "minecraft:all_of",
        "terms": [
          {
            "condition": "minecraft:entity_properties",
            "entity": "this",
            "predicate": {
              "type_specific": {
                "type": "minecraft:player",
                "looking_at": {
                  "type": "donkey",
                  "distance": {
                    "absolute": {
                      "min": 0,
                      "max": 10
                    }
                  }
                }
              }
            }
          },
          {
            "condition": "minecraft:value_check",
            "value": {
              "type": "minecraft:score",
              "target": {
                "type": "minecraft:fixed",
                "name": "&donkey_callable"
              },
              "score": "callyourhorse.config"
            },
            "range": 1
          }
        ]
      },
      {
        "condition": "minecraft:all_of",
        "terms": [
          {
            "condition": "minecraft:entity_properties",
            "entity": "this",
            "predicate": {
              "type_specific": {
                "type": "minecraft:player",
                "looking_at": {
                  "type": "mule",
                  "distance": {
                    "absolute": {
                      "min": 0,
                      "max": 10
                    }
                  }
                }
              }
            }
          },
          {
            "condition": "minecraft:value_check",
            "value": {
              "type": "minecraft:score",
              "target": {
                "type": "minecraft:fixed",
                "name": "&mule_callable"
              },
              "score": "callyourhorse.config"
            },
            "range": 1
          }
        ]
      },
      {
        "condition": "minecraft:all_of",
        "terms": [
          {
            "condition": "minecraft:entity_properties",
            "entity": "this",
            "predicate": {
              "type_specific": {
                "type": "minecraft:player",
                "looking_at": {
                  "type": "llama",
                  "distance": {
                    "absolute": {
                      "min": 0,
                      "max": 10
                    }
                  }
                }
              }
            }
          },
          {
            "condition": "minecraft:value_check",
            "value": {
              "type": "minecraft:score",
              "target": {
                "type": "minecraft:fixed",
                "name": "&llama_callable"
              },
              "score": "callyourhorse.config"
            },
            "range": 1
          }
        ]
      },
      {
        "condition": "minecraft:all_of",
        "terms": [
          {
            "condition": "minecraft:entity_properties",
            "entity": "this",
            "predicate": {
              "type_specific": {
                "type": "minecraft:player",
                "looking_at": {
                  "type": "trader_llama",
                  "distance": {
                    "absolute": {
                      "min": 0,
                      "max": 10
                    }
                  }
                }
              }
            }
          },
          {
            "condition": "minecraft:value_check",
            "value": {
              "type": "minecraft:score",
              "target": {
                "type": "minecraft:fixed",
                "name": "&trader_llama_callable"
              },
              "score": "callyourhorse.config"
            },
            "range": 1
          }
        ]
      },
      {
        "condition": "minecraft:all_of",
        "terms": [
          {
            "condition": "minecraft:entity_properties",
            "entity": "this",
            "predicate": {
              "type_specific": {
                "type": "minecraft:player",
                "looking_at": {
                  "type": "skeleton_horse",
                  "distance": {
                    "absolute": {
                      "min": 0,
                      "max": 10
                    }
                  }
                }
              }
            }
          },
          {
            "condition": "minecraft:value_check",
            "value": {
              "type": "minecraft:score",
              "target": {
                "type": "minecraft:fixed",
                "name": "&skeleton_horse_callable"
              },
              "score": "callyourhorse.config"
            },
            "range": 1
          }
        ]
      },
      {
        "condition": "minecraft:all_of",
        "terms": [
          {
            "condition": "minecraft:entity_properties",
            "entity": "this",
            "predicate": {
              "type_specific": {
                "type": "minecraft:player",
                "looking_at": {
                  "type": "zombie_horse",
                  "distance": {
                    "absolute": {
                      "min": 0,
                      "max": 10
                    }
                  }
                }
              }
            }
          },
          {
            "condition": "minecraft:value_check",
            "value": {
              "type": "minecraft:score",
              "target": {
                "type": "minecraft:fixed",
                "name": "&zombie_horse_callable"
              },
              "score": "callyourhorse.config"
            },
            "range": 1
          }
        ]
      }
    ]
  }
]