[
  {
    "condition": "minecraft:any_of",
    "terms": [
      {
        "condition": "minecraft:all_of",
        "terms": [
          {
            "condition": "minecraft:entity_properties",
            "entity": "this",
            "predicate": {
              "type": "minecraft:horse",
              "passenger": {
                "type": "minecraft:player"
              }
            }
          },
          {
            "condition": "minecraft:value_check",
            "value": {
              "type": "minecraft:score",
              "target": {
                "type": "minecraft:fixed",
                "name": "&no_player_on_horse"
              },
              "score": "callyourhorse.config"
            },
            "range": 1
          }
        ]
      },
      {
        "condition": "minecraft:all_of",
        "terms": [
          {
            "condition": "minecraft:entity_properties",
            "entity": "this",
            "predicate": {
              "type": "minecraft:donkey",
              "passenger": {
                "type": "minecraft:player"
              }
            }
          },
          {
            "condition": "minecraft:value_check",
            "value": {
              "type": "minecraft:score",
              "target": {
                "type": "minecraft:fixed",
                "name": "&no_player_on_horse"
              },
              "score": "callyourhorse.config"
            },
            "range": 1
          }
        ]
      },
      {
        "condition": "minecraft:all_of",
        "terms": [
          {
            "condition": "minecraft:entity_properties",
            "entity": "this",
            "predicate": {
              "type": "minecraft:mule",
              "passenger": {
                "type": "minecraft:player"
              }
            }
          },
          {
            "condition": "minecraft:value_check",
            "value": {
              "type": "minecraft:score",
              "target": {
                "type": "minecraft:fixed",
                "name": "&no_player_on_horse"
              },
              "score": "callyourhorse.config"
            },
            "range": 1
          }
        ]
      },
      {
        "condition": "minecraft:all_of",
        "terms": [
          {
            "condition": "minecraft:entity_properties",
            "entity": "this",
            "predicate": {
              "type": "minecraft:llama",
              "passenger": {
                "type": "minecraft:player"
              }
            }
          },
          {
            "condition": "minecraft:value_check",
            "value": {
              "type": "minecraft:score",
              "target": {
                "type": "minecraft:fixed",
                "name": "&no_player_on_horse"
              },
              "score": "callyourhorse.config"
            },
            "range": 1
          }
        ]
      },
      {
        "condition": "minecraft:all_of",
        "terms": [
          {
            "condition": "minecraft:entity_properties",
            "entity": "this",
            "predicate": {
              "type": "minecraft:trader_llama",
              "passenger": {
                "type": "minecraft:player"
              }
            }
          },
          {
            "condition": "minecraft:value_check",
            "value": {
              "type": "minecraft:score",
              "target": {
                "type": "minecraft:fixed",
                "name": "&no_player_on_horse"
              },
              "score": "callyourhorse.config"
            },
            "range": 1
          }
        ]
      },
      {
        "condition": "minecraft:all_of",
        "terms": [
          {
            "condition": "minecraft:entity_properties",
            "entity": "this",
            "predicate": {
              "type": "minecraft:skeleton_horse",
              "passenger": {
                "type": "minecraft:player"
              }
            }
          },
          {
            "condition": "minecraft:value_check",
            "value": {
              "type": "minecraft:score",
              "target": {
                "type": "minecraft:fixed",
                "name": "&no_player_on_horse"
              },
              "score": "callyourhorse.config"
            },
            "range": 1
          }
        ]
      },
      {
        "condition": "minecraft:all_of",
        "terms": [
          {
            "condition": "minecraft:entity_properties",
            "entity": "this",
            "predicate": {
              "type": "minecraft:zombie_horse",
              "passenger": {
                "type": "minecraft:player"
              }
            }
          },
          {
            "condition": "minecraft:value_check",
            "value": {
              "type": "minecraft:score",
              "target": {
                "type": "minecraft:fixed",
                "name": "&no_player_on_horse"
              },
              "score": "callyourhorse.config"
            },
            "range": 1
          }
        ]
      }
    ]
  }
]